{
  "hash": "69eb8aee",
  "configHash": "1e9c88e6",
  "lockfileHash": "0d20a2fe",
  "browserHash": "da61e7d8",
  "optimized": {
    "@angular/cdk/bidi": {
      "src": "../../../../../../node_modules/@angular/cdk/fesm2022/bidi.mjs",
      "file": "@angular_cdk_bidi.js",
      "fileHash": "d945f2e1",
      "needsInterop": false
    },
    "@angular/common": {
      "src": "../../../../../../node_modules/@angular/common/fesm2022/common.mjs",
      "file": "@angular_common.js",
      "fileHash": "bcf1df16",
      "needsInterop": false
    },
    "@angular/common/http": {
      "src": "../../../../../../node_modules/@angular/common/fesm2022/http.mjs",
      "file": "@angular_common_http.js",
      "fileHash": "e4fad8ff",
      "needsInterop": false
    },
    "@angular/common/locales/fa": {
      "src": "../../../../../../node_modules/@angular/common/locales/fa.js",
      "file": "@angular_common_locales_fa.js",
      "fileHash": "8cabf1f6",
      "needsInterop": false
    },
    "@angular/core": {
      "src": "../../../../../../node_modules/@angular/core/fesm2022/core.mjs",
      "file": "@angular_core.js",
      "fileHash": "bc688240",
      "needsInterop": false
    },
    "@angular/forms": {
      "src": "../../../../../../node_modules/@angular/forms/fesm2022/forms.mjs",
      "file": "@angular_forms.js",
      "fileHash": "ac4e63a8",
      "needsInterop": false
    },
    "@angular/platform-browser": {
      "src": "../../../../../../node_modules/@angular/platform-browser/fesm2022/platform-browser.mjs",
      "file": "@angular_platform-browser.js",
      "fileHash": "92b38f9a",
      "needsInterop": false
    },
    "@angular/platform-browser/animations/async": {
      "src": "../../../../../../node_modules/@angular/platform-browser/fesm2022/animations/async.mjs",
      "file": "@angular_platform-browser_animations_async.js",
      "fileHash": "17b89242",
      "needsInterop": false
    },
    "@angular/router": {
      "src": "../../../../../../node_modules/@angular/router/fesm2022/router.mjs",
      "file": "@angular_router.js",
      "fileHash": "d3b091ee",
      "needsInterop": false
    },
    "ag-grid-angular": {
      "src": "../../../../../../node_modules/ag-grid-angular/fesm2022/ag-grid-angular.mjs",
      "file": "ag-grid-angular.js",
      "fileHash": "ee891525",
      "needsInterop": false
    },
    "ag-grid-community": {
      "src": "../../../../../../node_modules/ag-grid-community/dist/package/main.esm.mjs",
      "file": "ag-grid-community.js",
      "fileHash": "4f9fb515",
      "needsInterop": false
    },
    "jalali-moment": {
      "src": "../../../../../../node_modules/jalali-moment/jalali-moment.js",
      "file": "jalali-moment.js",
      "fileHash": "4512c57d",
      "needsInterop": true
    },
    "jwt-decode": {
      "src": "../../../../../../node_modules/jwt-decode/build/esm/index.js",
      "file": "jwt-decode.js",
      "fileHash": "1069d9f4",
      "needsInterop": false
    },
    "ng-zorro-antd/breadcrumb": {
      "src": "../../../../../../node_modules/ng-zorro-antd/fesm2022/ng-zorro-antd-breadcrumb.mjs",
      "file": "ng-zorro-antd_breadcrumb.js",
      "fileHash": "049e001b",
      "needsInterop": false
    },
    "ng-zorro-antd/button": {
      "src": "../../../../../../node_modules/ng-zorro-antd/fesm2022/ng-zorro-antd-button.mjs",
      "file": "ng-zorro-antd_button.js",
      "fileHash": "9cd9c6f4",
      "needsInterop": false
    },
    "ng-zorro-antd/card": {
      "src": "../../../../../../node_modules/ng-zorro-antd/fesm2022/ng-zorro-antd-card.mjs",
      "file": "ng-zorro-antd_card.js",
      "fileHash": "d7854914",
      "needsInterop": false
    },
    "ng-zorro-antd/core/transition-patch": {
      "src": "../../../../../../node_modules/ng-zorro-antd/fesm2022/ng-zorro-antd-core-transition-patch.mjs",
      "file": "ng-zorro-antd_core_transition-patch.js",
      "fileHash": "c8327602",
      "needsInterop": false
    },
    "ng-zorro-antd/core/wave": {
      "src": "../../../../../../node_modules/ng-zorro-antd/fesm2022/ng-zorro-antd-core-wave.mjs",
      "file": "ng-zorro-antd_core_wave.js",
      "fileHash": "fdfccf01",
      "needsInterop": false
    },
    "ng-zorro-antd/date-picker": {
      "src": "../../../../../../node_modules/ng-zorro-antd/fesm2022/ng-zorro-antd-date-picker.mjs",
      "file": "ng-zorro-antd_date-picker.js",
      "fileHash": "5dea56e5",
      "needsInterop": false
    },
    "ng-zorro-antd/form": {
      "src": "../../../../../../node_modules/ng-zorro-antd/fesm2022/ng-zorro-antd-form.mjs",
      "file": "ng-zorro-antd_form.js",
      "fileHash": "239bcebd",
      "needsInterop": false
    },
    "ng-zorro-antd/grid": {
      "src": "../../../../../../node_modules/ng-zorro-antd/fesm2022/ng-zorro-antd-grid.mjs",
      "file": "ng-zorro-antd_grid.js",
      "fileHash": "3ec9e679",
      "needsInterop": false
    },
    "ng-zorro-antd/i18n": {
      "src": "../../../../../../node_modules/ng-zorro-antd/fesm2022/ng-zorro-antd-i18n.mjs",
      "file": "ng-zorro-antd_i18n.js",
      "fileHash": "54395d70",
      "needsInterop": false
    },
    "ng-zorro-antd/icon": {
      "src": "../../../../../../node_modules/ng-zorro-antd/fesm2022/ng-zorro-antd-icon.mjs",
      "file": "ng-zorro-antd_icon.js",
      "fileHash": "5303eab0",
      "needsInterop": false
    },
    "ng-zorro-antd/input": {
      "src": "../../../../../../node_modules/ng-zorro-antd/fesm2022/ng-zorro-antd-input.mjs",
      "file": "ng-zorro-antd_input.js",
      "fileHash": "c4edb80b",
      "needsInterop": false
    },
    "ng-zorro-antd/input-number": {
      "src": "../../../../../../node_modules/ng-zorro-antd/fesm2022/ng-zorro-antd-input-number.mjs",
      "file": "ng-zorro-antd_input-number.js",
      "fileHash": "1d3a0cef",
      "needsInterop": false
    },
    "ng-zorro-antd/layout": {
      "src": "../../../../../../node_modules/ng-zorro-antd/fesm2022/ng-zorro-antd-layout.mjs",
      "file": "ng-zorro-antd_layout.js",
      "fileHash": "a848c026",
      "needsInterop": false
    },
    "ng-zorro-antd/menu": {
      "src": "../../../../../../node_modules/ng-zorro-antd/fesm2022/ng-zorro-antd-menu.mjs",
      "file": "ng-zorro-antd_menu.js",
      "fileHash": "99ea6ef1",
      "needsInterop": false
    },
    "ng-zorro-antd/message": {
      "src": "../../../../../../node_modules/ng-zorro-antd/fesm2022/ng-zorro-antd-message.mjs",
      "file": "ng-zorro-antd_message.js",
      "fileHash": "6d3f3fdf",
      "needsInterop": false
    },
    "ng-zorro-antd/modal": {
      "src": "../../../../../../node_modules/ng-zorro-antd/fesm2022/ng-zorro-antd-modal.mjs",
      "file": "ng-zorro-antd_modal.js",
      "fileHash": "38ffa12a",
      "needsInterop": false
    },
    "ng-zorro-antd/pagination": {
      "src": "../../../../../../node_modules/ng-zorro-antd/fesm2022/ng-zorro-antd-pagination.mjs",
      "file": "ng-zorro-antd_pagination.js",
      "fileHash": "c80d2f7a",
      "needsInterop": false
    },
    "ng-zorro-antd/table": {
      "src": "../../../../../../node_modules/ng-zorro-antd/fesm2022/ng-zorro-antd-table.mjs",
      "file": "ng-zorro-antd_table.js",
      "fileHash": "b2da6c17",
      "needsInterop": false
    },
    "rxjs": {
      "src": "../../../../../../node_modules/rxjs/dist/esm5/index.js",
      "file": "rxjs.js",
      "fileHash": "6f309a4f",
      "needsInterop": false
    },
    "rxjs/operators": {
      "src": "../../../../../../node_modules/rxjs/dist/esm5/operators/index.js",
      "file": "rxjs_operators.js",
      "fileHash": "a2925b36",
      "needsInterop": false
    },
    "ng-zorro-antd/result": {
      "src": "../../../../../../node_modules/ng-zorro-antd/fesm2022/ng-zorro-antd-result.mjs",
      "file": "ng-zorro-antd_result.js",
      "fileHash": "7ac75676",
      "needsInterop": false
    }
  },
  "chunks": {
    "browser-EF7IYRCJ": {
      "file": "browser-EF7IYRCJ.js"
    },
    "chunk-HUCLOOMQ": {
      "file": "chunk-HUCLOOMQ.js"
    },
    "chunk-FEYKNKV4": {
      "file": "chunk-FEYKNKV4.js"
    },
    "chunk-WSVQ3IGS": {
      "file": "chunk-WSVQ3IGS.js"
    },
    "chunk-HHISSR4Y": {
      "file": "chunk-HHISSR4Y.js"
    },
    "chunk-H6VV6JM4": {
      "file": "chunk-H6VV6JM4.js"
    },
    "chunk-SCALLCHX": {
      "file": "chunk-SCALLCHX.js"
    },
    "chunk-DEGHVB6B": {
      "file": "chunk-DEGHVB6B.js"
    },
    "chunk-B37LQHAT": {
      "file": "chunk-B37LQHAT.js"
    },
    "chunk-3RW7KQQE": {
      "file": "chunk-3RW7KQQE.js"
    },
    "chunk-WI5RWHJ3": {
      "file": "chunk-WI5RWHJ3.js"
    },
    "chunk-I3KUZAN2": {
      "file": "chunk-I3KUZAN2.js"
    },
    "chunk-INNHUNJB": {
      "file": "chunk-INNHUNJB.js"
    },
    "chunk-QYDDKLT3": {
      "file": "chunk-QYDDKLT3.js"
    },
    "chunk-BMERTAFP": {
      "file": "chunk-BMERTAFP.js"
    },
    "chunk-JOFUGKUK": {
      "file": "chunk-JOFUGKUK.js"
    },
    "chunk-GZFWDSMY": {
      "file": "chunk-GZFWDSMY.js"
    },
    "chunk-LWKM3WSB": {
      "file": "chunk-LWKM3WSB.js"
    },
    "chunk-K5GUGWBI": {
      "file": "chunk-K5GUGWBI.js"
    },
    "chunk-YIF2KZW7": {
      "file": "chunk-YIF2KZW7.js"
    },
    "chunk-I7KUR5NF": {
      "file": "chunk-I7KUR5NF.js"
    },
    "chunk-TWXM55NZ": {
      "file": "chunk-TWXM55NZ.js"
    },
    "chunk-5FTPI2WZ": {
      "file": "chunk-5FTPI2WZ.js"
    },
    "chunk-MY4UIE5Q": {
      "file": "chunk-MY4UIE5Q.js"
    },
    "chunk-RNDE6EDQ": {
      "file": "chunk-RNDE6EDQ.js"
    },
    "chunk-AL7XKJDR": {
      "file": "chunk-AL7XKJDR.js"
    },
    "chunk-BWSDPYXV": {
      "file": "chunk-BWSDPYXV.js"
    },
    "chunk-ZJDPUD3T": {
      "file": "chunk-ZJDPUD3T.js"
    },
    "chunk-BQ76GOFF": {
      "file": "chunk-BQ76GOFF.js"
    },
    "chunk-BW3IEXRF": {
      "file": "chunk-BW3IEXRF.js"
    },
    "chunk-LBDBLATT": {
      "file": "chunk-LBDBLATT.js"
    },
    "chunk-C2DRZTJX": {
      "file": "chunk-C2DRZTJX.js"
    },
    "chunk-ICD623PR": {
      "file": "chunk-ICD623PR.js"
    },
    "chunk-IUPFJ7CF": {
      "file": "chunk-IUPFJ7CF.js"
    },
    "chunk-KZ6EDCVN": {
      "file": "chunk-KZ6EDCVN.js"
    },
    "chunk-G7P7UH7H": {
      "file": "chunk-G7P7UH7H.js"
    },
    "chunk-M2XZN42H": {
      "file": "chunk-M2XZN42H.js"
    },
    "chunk-3UBJ4E3J": {
      "file": "chunk-3UBJ4E3J.js"
    },
    "chunk-XE7NPG3B": {
      "file": "chunk-XE7NPG3B.js"
    },
    "chunk-FH6R2WIN": {
      "file": "chunk-FH6R2WIN.js"
    },
    "chunk-VFUOCAZJ": {
      "file": "chunk-VFUOCAZJ.js"
    },
    "chunk-AGCF4D2E": {
      "file": "chunk-AGCF4D2E.js"
    },
    "chunk-57WMUKA3": {
      "file": "chunk-57WMUKA3.js"
    },
    "chunk-V37RSN4D": {
      "file": "chunk-V37RSN4D.js"
    },
    "chunk-SR2LXFJL": {
      "file": "chunk-SR2LXFJL.js"
    },
    "chunk-VUVMRRXW": {
      "file": "chunk-VUVMRRXW.js"
    },
    "chunk-6LFTVNYT": {
      "file": "chunk-6LFTVNYT.js"
    }
  }
}